{
	"song": {
		"speed": 3,
		"stage": "fixed",
		"player1": "carlinhos",
		"player2": "1blankpixel",
		"event7": "",
		"events": [],
		"notes": [
			{
				"sectionBeats": 4,
				"sectionNotes": [
					[
						0,
						2,
						0
					],
					[
						166.666666666667,
						2,
						0
					],
					[
						250,
						2,
						0
					],
					[
						333.333333333333,
						1,
						0
					],
					[
						500,
						3,
						0
					],
					[
						583.333333333333,
						0,
						0
					],
					[
						666.666666666667,
						2,
						0
					],
					[
						666.666666666667,
						3,
						0
					],
					[
						833.333333333333,
						3,
						0
					],
					[
						916.666666666667,
						3,
						0
					],
					[
						1000,
						1,
						0
					],
					[
						1166.66666666667,
						2,
						0
					],
					[
						1250,
						3,
						0
					]
				],
				"typeOfSection": 0,
				"gfSection": false,
				"altAnim": false,
				"mustHitSection": true,
				"changeBPM": false,
				"bpm": 150
			},
			{
				"sectionBeats": 4,
				"sectionNotes": [
					[
						1333.33333333333,
						2,
						0
					],
					[
						1500,
						2,
						0
					],
					[
						1583.33333333333,
						2,
						0
					],
					[
						1666.66666666667,
						1,
						0
					],
					[
						1833.33333333333,
						3,
						0
					],
					[
						1916.66666666667,
						0,
						0
					],
					[
						2000,
						2,
						0
					],
					[
						2000,
						3,
						0
					],
					[
						2166.66666666667,
						3,
						0
					],
					[
						2250,
						3,
						0
					],
					[
						2333.33333333333,
						1,
						0
					],
					[
						2500,
						2,
						0
					],
					[
						2583.33333333333,
						3,
						0
					]
				],
				"typeOfSection": 0,
				"gfSection": false,
				"altAnim": false,
				"mustHitSection": true,
				"changeBPM": false,
				"bpm": 150
			},
			{
				"sectionBeats": 4,
				"sectionNotes": [
					[
						2666.66666666667,
						2,
						0
					],
					[
						2833.33333333333,
						2,
						0
					],
					[
						2916.66666666667,
						2,
						0
					],
					[
						3000,
						1,
						0
					],
					[
						3166.66666666667,
						3,
						0
					],
					[
						3250,
						0,
						0
					],
					[
						3333.33333333333,
						2,
						0
					],
					[
						3333.33333333333,
						3,
						0
					],
					[
						3500,
						3,
						0
					],
					[
						3583.33333333333,
						3,
						0
					],
					[
						3666.66666666667,
						1,
						0
					],
					[
						3833.33333333333,
						2,
						0
					],
					[
						3916.66666666667,
						3,
						0
					]
				],
				"typeOfSection": 0,
				"gfSection": false,
				"altAnim": false,
				"mustHitSection": true,
				"changeBPM": false,
				"bpm": 150
			},
			{
				"sectionBeats": 4,
				"sectionNotes": [
					[
						4000,
						2,
						0
					],
					[
						4166.66666666667,
						2,
						0
					],
					[
						4250,
						2,
						0
					],
					[
						4333.33333333333,
						1,
						0
					],
					[
						4500,
						3,
						0
					],
					[
						4583.33333333333,
						0,
						0
					],
					[
						4666.66666666667,
						2,
						0
					],
					[
						4666.66666666667,
						3,
						0
					],
					[
						4833.33333333333,
						3,
						0
					],
					[
						4916.66666666667,
						3,
						0
					],
					[
						5000,
						1,
						0
					],
					[
						5166.66666666667,
						2,
						0
					],
					[
						5250,
						3,
						0
					]
				],
				"typeOfSection": 0,
				"gfSection": false,
				"altAnim": false,
				"mustHitSection": true,
				"changeBPM": false,
				"bpm": 150
			},
			{
				"sectionBeats": 4,
				"sectionNotes": [
					[
						5333.33333333333,
						3,
						0
					],
					[
						5500,
						3,
						0
					],
					[
						5583.33333333333,
						3,
						0
					],
					[
						5666.66666666667,
						1,
						0
					],
					[
						5833.33333333333,
						0,
						0
					],
					[
						5916.66666666667,
						3,
						0
					],
					[
						6000,
						2,
						0
					],
					[
						6166.66666666667,
						2,
						0
					],
					[
						6250,
						1,
						0
					],
					[
						6333.33333333333,
						0,
						0
					],
					[
						6500,
						3,
						0
					],
					[
						6583.33333333333,
						3,
						0
					]
				],
				"typeOfSection": 0,
				"gfSection": false,
				"altAnim": false,
				"mustHitSection": true,
				"changeBPM": false,
				"bpm": 150
			},
			{
				"sectionBeats": 4,
				"sectionNotes": [
					[
						6666.66666666667,
						3,
						0
					],
					[
						6833.33333333333,
						3,
						0
					],
					[
						6916.66666666667,
						3,
						0
					],
					[
						7000,
						1,
						0
					],
					[
						7166.66666666667,
						0,
						0
					],
					[
						7250,
						3,
						0
					],
					[
						7333.33333333333,
						2,
						0
					],
					[
						7500,
						2,
						0
					],
					[
						7583.33333333333,
						1,
						0
					],
					[
						7666.66666666667,
						0,
						0
					],
					[
						7833.33333333333,
						3,
						0
					],
					[
						7916.66666666667,
						3,
						0
					]
				],
				"typeOfSection": 0,
				"gfSection": false,
				"altAnim": false,
				"mustHitSection": true,
				"changeBPM": false,
				"bpm": 150
			},
			{
				"sectionBeats": 4,
				"sectionNotes": [
					[
						8000,
						1,
						83.3333333333333
					],
					[
						8166.66666666667,
						3,
						83.3333333333333
					],
					[
						8361.11111111111,
						1,
						0
					],
					[
						8500,
						3,
						166.666666666667
					],
					[
						8833.33333333333,
						3,
						0
					],
					[
						8916.66666666667,
						3,
						0
					],
					[
						9000,
						3,
						83.3333333333333
					],
					[
						9194.44444444444,
						2,
						0
					],
					[
						9250,
						2,
						0
					]
				],
				"typeOfSection": 0,
				"gfSection": false,
				"altAnim": false,
				"mustHitSection": true,
				"changeBPM": false,
				"bpm": 180
			},
			{
				"sectionBeats": 4,
				"sectionNotes": [
					[
						9333.33333333333,
						1,
						83.3333333333333
					],
					[
						9500,
						3,
						83.3333333333333
					],
					[
						9694.44444444444,
						1,
						0
					],
					[
						9833.33333333333,
						3,
						166.666666666667
					],
					[
						10166.6666666667,
						3,
						0
					],
					[
						10250,
						3,
						0
					],
					[
						10333.3333333333,
						3,
						83.3333333333333
					],
					[
						10527.7777777778,
						2,
						0
					],
					[
						10583.3333333333,
						2,
						0
					]
				],
				"typeOfSection": 0,
				"gfSection": false,
				"altAnim": false,
				"mustHitSection": true,
				"changeBPM": false,
				"bpm": 180
			},
			{
				"gfSection": false,
				"altAnim": false,
				"typeOfSection": 0,
				"sectionNotes": [
					[
						10666.6666666667,
						4,
						333.333333333333
					],
					[
						10666.6666666667,
						5,
						333.333333333333
					],
					[
						10666.6666666667,
						6,
						333.333333333333
					],
					[
						10666.6666666667,
						7,
						333.333333333333
					]
				],
				"bpm": 180,
				"sectionBeats": 4,
				"changeBPM": false,
				"mustHitSection": true
			}
		],
		"splashSkin": "noteSplashes",
		"validScore": false,
		"songCreditBarPath": "",
		"windowName": "",
		"songCreditIcon": "",
		"songCredit": "",
		"event7Value": null,
		"gfVersion": "gf",
		"bpm": 180,
		"arrowSkin": "",
		"needsVoices": false,
		"specialEventsName": "",
		"song": "2050bucks",
		"specialAudioName": ""
	}
}